Run_ID,Task_Type,Mode,Model,Epochs,Batch_Size,LR,Accuracy,Macro_F1,AUC,Off_By_1_Acc,Adj_Error_Ratio,Mid_Confusion_Ratio,MSE,MAE,Train_Time(s),Train_Speed(s/s),Eval_Time(s),Eval_Speed(s/s)
run_001,binary,Classification,distilbert-base-uncased,3,16,1e-05,0.9481,0.9481,0.9893,N/A,N/A,N/A,N/A,N/A,240.81,397.04,2.4,1660.86
run_001,5_class,Classification,distilbert-base-uncased,3,16,1e-05,0.6193,0.6183,N/A,0.96,0.8949,0.4124,N/A,N/A,282.31,422.41,2.92,1718.6
run_002,binary,Classification,distilbert-base-uncased,4,16,1e-05,0.9489,0.9488,0.99,N/A,N/A,N/A,N/A,N/A,309.14,412.39,2.36,1692.05
run_002,5_class,Classification,distilbert-base-uncased,4,16,1e-05,0.6205,0.6182,N/A,0.9608,0.8967,0.4127,N/A,N/A,396.36,401.15,3.06,1639.75
run_001,3_class,Classification,distilbert-base-uncased,3,16,1e-05,0.8028,0.7549,N/A,N/A,N/A,N/A,N/A,N/A,288.63,413.15,2.94,1707.15
run_002,3_class,Classification,distilbert-base-uncased,4,16,1e-05,0.8022,0.7556,N/A,N/A,N/A,N/A,N/A,N/A,383.31,414.81,2.92,1718.39
run_003,5_class,Classification,distilbert-base-uncased,3,8,1e-05,0.6474,0.646,N/A,0.9719,0.9204,0.4227,N/A,N/A,479.29,248.81,5.67,886.63
run_003,binary,Classification,distilbert-base-uncased,3,8,1e-05,0.9637,0.9636,0.9931,N/A,N/A,N/A,N/A,N/A,388.81,245.91,4.49,888.43
run_004,5_class,Classification,distilbert-base-uncased,4,8,1e-05,0.6458,0.644,N/A,0.9701,0.9157,0.4197,N/A,N/A,646.42,245.97,5.7,881.3
run_004,binary,Classification,distilbert-base-uncased,4,8,1e-05,0.9634,0.9633,0.9933,N/A,N/A,N/A,N/A,N/A,511.06,249.45,4.54,879.07
run_003,3_class,Classification,distilbert-base-uncased,3,8,1e-05,0.8223,0.7726,N/A,N/A,N/A,N/A,N/A,N/A,475.44,250.82,5.88,855.0
run_004,3_class,Classification,distilbert-base-uncased,4,8,1e-05,0.8223,0.778,N/A,N/A,N/A,N/A,N/A,N/A,647.98,245.38,5.69,883.5
run_005,5_class,Classification,distilbert-base-uncased,3,4,1e-05,0.6476,0.6459,N/A,0.9735,0.9249,0.4229,N/A,N/A,892.63,133.59,10.85,462.95
run_005,binary,Classification,distilbert-base-uncased,3,4,1e-05,0.9634,0.9633,0.9941,N/A,N/A,N/A,N/A,N/A,729.55,131.06,9.16,435.57
run_006,5_class,Classification,distilbert-base-uncased,4,4,1e-05,0.6488,0.6473,N/A,0.9725,0.9218,0.421,N/A,N/A,1177.14,135.07,10.94,459.42
run_006,binary,Classification,distilbert-base-uncased,4,4,1e-05,0.9624,0.9623,0.9944,N/A,N/A,N/A,N/A,N/A,948.53,134.4,8.66,460.88
run_001,5_class,Regression,distilbert-base-uncased,3,16,1e-05,0.6046,0.6074,N/A,0.9644,0.9099,0.4278,0.4564,0.5017,290.41,410.62,2.94,1706.46
run_005,3_class,Classification,distilbert-base-uncased,3,4,1e-05,0.8201,0.7708,N/A,N/A,N/A,N/A,N/A,N/A,894.39,133.33,10.94,459.35
run_001,binary,Regression,distilbert-base-uncased,3,16,1e-05,0.9474,0.9473,N/A,N/A,N/A,N/A,0.0418,0.0714,232.78,410.75,2.35,1696.99
run_002,5_class,Regression,distilbert-base-uncased,4,16,1e-05,0.6028,0.606,N/A,0.9658,0.9138,0.4324,0.4579,0.5044,390.09,407.6,3.04,1655.42
run_002,binary,Regression,distilbert-base-uncased,4,16,1e-05,0.9474,0.9473,N/A,N/A,N/A,N/A,0.0427,0.0657,316.61,402.65,2.37,1687.73
run_006,3_class,Classification,distilbert-base-uncased,4,4,1e-05,0.8243,0.7805,N/A,N/A,N/A,N/A,N/A,N/A,1216.39,130.72,11.3,444.67
run_001,3_class,Regression,distilbert-base-uncased,3,16,1e-05,0.7926,0.7365,N/A,N/A,N/A,N/A,0.2022,0.2702,293.69,406.04,2.99,1683.34
run_002,3_class,Regression,distilbert-base-uncased,4,16,1e-05,0.7938,0.7472,N/A,N/A,N/A,N/A,0.204,0.272,383.96,414.11,2.96,1697.31
run_003,5_class,Regression,distilbert-base-uncased,3,8,1e-05,0.6316,0.6319,N/A,0.9723,0.9249,0.4236,0.3997,0.4622,469.18,254.16,5.72,878.9
run_003,binary,Regression,distilbert-base-uncased,3,8,1e-05,0.9624,0.9623,N/A,N/A,N/A,N/A,0.0307,0.0533,395.42,241.8,4.67,854.46
run_004,5_class,Regression,distilbert-base-uncased,4,8,1e-05,0.636,0.636,N/A,0.9733,0.9267,0.4265,0.4005,0.4598,644.59,246.67,5.81,865.59
run_004,binary,Regression,distilbert-base-uncased,4,8,1e-05,0.9624,0.9623,N/A,N/A,N/A,N/A,0.0304,0.0571,519.22,245.53,4.58,871.86
run_003,3_class,Regression,distilbert-base-uncased,3,8,1e-05,0.8141,0.7612,N/A,N/A,N/A,N/A,0.1714,0.247,499.01,238.97,6.04,832.04
run_004,3_class,Regression,distilbert-base-uncased,4,8,1e-05,0.8165,0.7655,N/A,N/A,N/A,N/A,0.1691,0.2478,630.06,252.36,5.59,899.1
run_005,5_class,Regression,distilbert-base-uncased,3,4,1e-05,0.6358,0.6358,N/A,0.9753,0.9322,0.4284,0.3869,0.4557,893.37,133.48,11.04,455.13
run_005,binary,Regression,distilbert-base-uncased,3,4,1e-05,0.9637,0.9635,N/A,N/A,N/A,N/A,0.0287,0.0543,711.07,134.46,9.06,440.76
run_006,5_class,Regression,distilbert-base-uncased,4,4,1e-05,0.641,0.6403,N/A,0.9745,0.929,0.4252,0.3886,0.4536,1196.2,132.92,11.36,442.48
run_006,binary,Regression,distilbert-base-uncased,4,4,1e-05,0.9634,0.9633,N/A,N/A,N/A,N/A,0.0298,0.0679,951.04,134.05,8.67,460.64
run_007,5_class,Classification,distilbert-base-uncased,3,16,2e-05,0.6312,0.6297,N/A,0.9616,0.8958,0.4166,N/A,N/A,289.92,411.31,2.98,1687.29
run_007,binary,Classification,distilbert-base-uncased,3,16,2e-05,0.9514,0.9513,0.9901,N/A,N/A,N/A,N/A,N/A,232.16,411.85,2.31,1729.16
run_005,3_class,Regression,distilbert-base-uncased,3,4,1e-05,0.8153,0.7665,N/A,N/A,N/A,N/A,0.1688,0.2397,905.47,131.7,11.49,437.27
run_008,5_class,Classification,distilbert-base-uncased,4,16,2e-05,0.6291,0.6259,N/A,0.9604,0.8932,0.4136,N/A,N/A,389.45,408.26,2.96,1699.36
run_007,3_class,Classification,distilbert-base-uncased,3,16,2e-05,0.8086,0.7654,N/A,N/A,N/A,N/A,N/A,N/A,283.58,420.51,2.87,1748.91
run_008,binary,Classification,distilbert-base-uncased,4,16,2e-05,0.9524,0.9523,0.9899,N/A,N/A,N/A,N/A,N/A,319.42,399.12,2.28,1749.68
run_006,3_class,Regression,distilbert-base-uncased,4,4,1e-05,0.8163,0.7682,N/A,N/A,N/A,N/A,0.1672,0.232,1170.68,135.82,10.82,464.27
run_008,3_class,Classification,distilbert-base-uncased,4,16,2e-05,0.8036,0.7584,N/A,N/A,N/A,N/A,N/A,N/A,388.27,409.5,2.9,1733.02
run_009,binary,Classification,distilbert-base-uncased,3,8,2e-05,0.9649,0.9648,0.9938,N/A,N/A,N/A,N/A,N/A,395.27,241.89,4.67,854.7
run_009,5_class,Classification,distilbert-base-uncased,3,8,2e-05,0.6543,0.6536,N/A,0.9735,0.9234,0.4283,N/A,N/A,482.8,247.0,5.69,882.77
run_010,5_class,Classification,distilbert-base-uncased,4,8,2e-05,0.6537,0.6511,N/A,0.9713,0.9172,0.419,N/A,N/A,629.32,252.65,5.58,900.47
run_010,binary,Classification,distilbert-base-uncased,4,8,2e-05,0.9614,0.9613,0.9933,N/A,N/A,N/A,N/A,N/A,522.78,243.86,4.57,873.16
run_010,3_class,Classification,distilbert-base-uncased,3,8,2e-05,0.8203,0.7735,N/A,N/A,N/A,N/A,N/A,N/A,483.17,246.81,5.86,857.96
run_009,3_class,Classification,distilbert-base-uncased,4,8,2e-05,0.8205,0.7761,N/A,N/A,N/A,N/A,N/A,N/A,652.57,243.65,5.72,878.54
run_012,5_class,Classification,distilbert-base-uncased,3,4,2e-05,0.6537,0.6528,N/A,0.9729,0.9218,0.4253,N/A,N/A,897.06,132.93,11.01,456.23
run_011,binary,Classification,distilbert-base-uncased,3,4,2e-05,0.9647,0.9646,0.9946,N/A,N/A,N/A,N/A,N/A,721.14,132.59,8.68,459.98
run_011,5_class,Classification,distilbert-base-uncased,4,4,2e-05,0.6521,0.6499,N/A,0.9686,0.9096,0.4102,N/A,N/A,1184.79,134.2,10.96,458.64
run_012,binary,Classification,distilbert-base-uncased,4,4,2e-05,0.9654,0.9653,0.9946,N/A,N/A,N/A,N/A,N/A,955.68,133.4,8.79,454.04
run_007,5_class,Regression,distilbert-base-uncased,3,16,2e-05,0.6133,0.6155,N/A,0.9672,0.9151,0.4308,0.4396,0.489,287.98,414.1,2.96,1699.21
run_007,binary,Regression,distilbert-base-uncased,3,16,2e-05,0.9517,0.9515,N/A,N/A,N/A,N/A,0.0398,0.0682,237.29,402.93,2.38,1679.31
run_011,3_class,Classification,distilbert-base-uncased,3,4,2e-05,0.8261,0.7836,N/A,N/A,N/A,N/A,N/A,N/A,877.85,135.84,11.13,451.31
run_008,5_class,Regression,distilbert-base-uncased,4,16,2e-05,0.61,0.6112,N/A,0.965,0.9102,0.4296,0.4501,0.4926,380.62,417.74,2.84,1767.35
run_008,binary,Regression,distilbert-base-uncased,4,16,2e-05,0.9474,0.9473,N/A,N/A,N/A,N/A,0.0416,0.0858,318.01,400.88,2.38,1676.77
run_007,3_class,Regression,distilbert-base-uncased,3,16,2e-05,0.798,0.7427,N/A,N/A,N/A,N/A,0.1943,0.261,293.43,406.4,3.01,1668.26
run_008,3_class,Regression,distilbert-base-uncased,4,16,2e-05,0.7992,0.7443,N/A,N/A,N/A,N/A,0.1995,0.2638,380.41,417.97,2.96,1696.55
run_012,3_class,Classification,distilbert-base-uncased,4,4,2e-05,0.8257,0.7826,N/A,N/A,N/A,N/A,N/A,N/A,1213.13,131.07,11.3,444.65
run_009,5_class,Regression,distilbert-base-uncased,3,8,2e-05,0.6406,0.6434,N/A,0.9743,0.9286,0.4252,0.3838,0.4648,473.49,251.85,5.6,897.66
run_009,binary,Regression,distilbert-base-uncased,3,8,2e-05,0.9614,0.9613,N/A,N/A,N/A,N/A,0.0308,0.0587,394.34,242.46,4.63,861.87
run_010,5_class,Regression,distilbert-base-uncased,4,8,2e-05,0.6358,0.6347,N/A,0.9719,0.923,0.4268,0.3946,0.4518,632.64,251.33,5.52,909.72
run_010,binary,Regression,distilbert-base-uncased,4,8,2e-05,0.9614,0.9613,N/A,N/A,N/A,N/A,0.0318,0.0645,518.35,245.94,4.44,898.33
run_009,3_class,Regression,distilbert-base-uncased,3,8,2e-05,0.8185,0.7693,N/A,N/A,N/A,N/A,0.1657,0.2435,469.7,253.88,5.66,888.56
run_010,3_class,Regression,distilbert-base-uncased,4,8,2e-05,0.8163,0.7716,N/A,N/A,N/A,N/A,0.1657,0.2475,650.82,244.31,5.79,868.53
run_011,5_class,Regression,distilbert-base-uncased,3,4,2e-05,0.6454,0.645,N/A,0.9755,0.931,0.4338,0.3762,0.4447,903.02,132.06,11.46,438.4
run_011,binary,Regression,distilbert-base-uncased,3,4,2e-05,0.9642,0.9641,N/A,N/A,N/A,N/A,0.0287,0.0567,714.72,133.78,8.81,453.1
run_012,5_class,Regression,distilbert-base-uncased,4,4,2e-05,0.6432,0.6427,N/A,0.9745,0.9286,0.4345,0.379,0.4428,1207.17,131.71,11.41,440.56
run_012,binary,Regression,distilbert-base-uncased,4,4,2e-05,0.9654,0.9653,N/A,N/A,N/A,N/A,0.0274,0.058,942.64,135.24,8.81,453.29
run_011,3_class,Regression,distilbert-base-uncased,3,4,2e-05,0.8243,0.7756,N/A,N/A,N/A,N/A,0.1617,0.2362,916.8,130.07,11.69,430.02
run_001,5_class,Classification,roberta-base,3,16,1e-05,0.6476,0.6469,N/A,0.9705,0.9164,0.4184,N/A,N/A,538.57,221.42,5.04,996.34
run_012,3_class,Regression,distilbert-base-uncased,4,4,2e-05,0.8215,0.7726,N/A,N/A,N/A,N/A,0.1615,0.2363,1205.49,131.9,11.17,449.74
run_002,5_class,Classification,roberta-base,4,16,1e-05,0.6519,0.6517,N/A,0.9701,0.9142,0.4162,N/A,N/A,713.57,222.82,5.16,973.42
run_001,binary,Classification,roberta-base,3,16,1e-05,0.9652,0.9651,0.9938,N/A,N/A,N/A,N/A,N/A,440.28,217.16,4.09,975.07
run_002,binary,Classification,roberta-base,4,16,1e-05,0.9652,0.9651,0.9936,N/A,N/A,N/A,N/A,N/A,587.73,216.91,3.96,1008.26
run_001,3_class,Classification,roberta-base,3,16,1e-05,0.8225,0.7805,N/A,N/A,N/A,N/A,N/A,N/A,551.13,216.37,5.22,961.76
run_002,3_class,Classification,roberta-base,4,16,1e-05,0.8233,0.7847,N/A,N/A,N/A,N/A,N/A,N/A,727.77,218.48,5.22,961.93
run_003,5_class,Classification,roberta-base,3,8,1e-05,0.6822,0.6818,N/A,0.9811,0.9405,0.4371,N/A,N/A,913.94,130.48,9.98,503.71
run_003,binary,Classification,roberta-base,3,8,1e-05,0.9755,0.9754,0.9965,N/A,N/A,N/A,N/A,N/A,729.15,131.13,7.82,510.18
run_004,5_class,Classification,roberta-base,4,8,1e-05,0.6794,0.6791,N/A,0.9807,0.9398,0.4327,N/A,N/A,1216.34,130.72,9.88,508.38
run_004,binary,Classification,roberta-base,4,8,1e-05,0.9765,0.9764,0.9965,N/A,N/A,N/A,N/A,N/A,976.29,130.58,7.7,518.7
run_003,3_class,Classification,roberta-base,3,8,1e-05,0.8396,0.8031,N/A,N/A,N/A,N/A,N/A,N/A,909.92,131.06,10.32,487.07
run_004,3_class,Classification,roberta-base,4,8,1e-05,0.8402,0.8037,N/A,N/A,N/A,N/A,N/A,N/A,1202.05,132.27,10.27,489.47
run_005,5_class,Classification,roberta-base,3,4,1e-05,0.6852,0.6847,N/A,0.9837,0.9482,0.4381,N/A,N/A,1655.99,72.01,18.74,268.21
run_005,binary,Classification,roberta-base,3,4,1e-05,0.9782,0.9781,0.9968,N/A,N/A,N/A,N/A,N/A,1371.46,69.72,15.3,260.97
run_006,5_class,Classification,roberta-base,4,4,1e-05,0.6856,0.6849,N/A,0.9819,0.9424,0.4418,N/A,N/A,2268.37,70.09,19.57,256.81
run_006,binary,Classification,roberta-base,4,4,1e-05,0.977,0.9769,0.9971,N/A,N/A,N/A,N/A,N/A,1846.68,69.03,15.93,250.64
run_001,5_class,Regression,roberta-base,3,16,1e-05,0.6354,0.6345,N/A,0.9701,0.9181,0.4099,0.4108,0.4684,558.84,213.39,5.35,939.89
run_005,3_class,Classification,roberta-base,3,4,1e-05,0.841,0.8032,N/A,N/A,N/A,N/A,N/A,N/A,1658.13,71.92,19.33,259.94
run_001,binary,Regression,roberta-base,3,16,1e-05,0.9647,0.9646,N/A,N/A,N/A,N/A,0.0332,0.0594,448.14,213.35,4.25,939.53
run_002,5_class,Regression,roberta-base,4,16,1e-05,0.631,0.6289,N/A,0.9705,0.9202,0.4132,0.4089,0.4649,727.82,218.46,5.09,987.94
run_002,binary,Regression,roberta-base,4,16,1e-05,0.9607,0.9606,N/A,N/A,N/A,N/A,0.0317,0.0658,574.26,222.0,3.91,1022.26
run_006,3_class,Classification,roberta-base,4,4,1e-05,0.8452,0.809,N/A,N/A,N/A,N/A,N/A,N/A,2224.12,71.49,19.26,260.94
run_001,3_class,Regression,roberta-base,3,16,1e-05,0.8189,0.7727,N/A,N/A,N/A,N/A,0.1654,0.247,550.67,216.55,5.21,964.65
run_002,3_class,Regression,roberta-base,4,16,1e-05,0.8157,0.7701,N/A,N/A,N/A,N/A,0.1662,0.2426,735.1,216.3,5.19,967.98
run_003,5_class,Regression,roberta-base,3,8,1e-05,0.6577,0.6561,N/A,0.9797,0.9407,0.4285,0.3379,0.4303,939.5,126.93,10.6,473.91
run_003,binary,Regression,roberta-base,3,8,1e-05,0.9737,0.9736,N/A,N/A,N/A,N/A,0.0242,0.0601,716.52,133.44,7.93,503.27
run_004,5_class,Regression,roberta-base,4,8,1e-05,0.6535,0.6526,N/A,0.9789,0.9391,0.4302,0.3496,0.4368,1161.8,136.86,9.55,525.94
run_004,binary,Regression,roberta-base,4,8,1e-05,0.9752,0.9751,N/A,N/A,N/A,N/A,0.0236,0.0491,985.59,129.35,7.75,515.0
run_003,3_class,Regression,roberta-base,3,8,1e-05,0.8334,0.7961,N/A,N/A,N/A,N/A,0.1395,0.226,927.6,128.56,10.22,491.61
run_004,3_class,Regression,roberta-base,4,8,1e-05,0.8308,0.7907,N/A,N/A,N/A,N/A,0.1436,0.223,1276.7,124.54,10.25,490.25
run_005,5_class,Regression,roberta-base,3,4,1e-05,0.6585,0.6552,N/A,0.9791,0.9388,0.44,0.3403,0.43,1676.08,71.15,19.23,261.29
run_005,binary,Regression,roberta-base,3,4,1e-05,0.978,0.9779,N/A,N/A,N/A,N/A,0.021,0.0467,1381.49,69.21,15.94,250.5
run_006,5_class,Regression,roberta-base,4,4,1e-05,0.6617,0.6578,N/A,0.9807,0.9429,0.4188,0.3462,0.4302,2232.59,71.22,19.89,252.66
run_006,binary,Regression,roberta-base,4,4,1e-05,0.9772,0.9771,N/A,N/A,N/A,N/A,0.0203,0.0385,1812.07,70.35,14.96,266.85
run_007,5_class,Classification,roberta-base,3,16,2e-05,0.6507,0.6504,N/A,0.9721,0.9202,0.4268,N/A,N/A,546.92,218.04,5.22,963.03
run_005,3_class,Regression,roberta-base,3,4,1e-05,0.8344,0.7925,N/A,N/A,N/A,N/A,0.1415,0.2162,1715.12,69.53,19.84,253.32
run_007,binary,Classification,roberta-base,3,16,2e-05,0.9632,0.9631,0.9937,N/A,N/A,N/A,N/A,N/A,448.57,213.15,4.11,971.45
run_008,5_class,Classification,roberta-base,4,16,2e-05,0.6501,0.6504,N/A,0.9759,0.9312,0.4238,N/A,N/A,704.87,225.57,5.02,1001.61
run_008,binary,Classification,roberta-base,4,16,2e-05,0.9657,0.9656,0.9936,N/A,N/A,N/A,N/A,N/A,591.03,215.7,4.01,994.73
run_007,3_class,Classification,roberta-base,3,16,2e-05,0.8259,0.7824,N/A,N/A,N/A,N/A,N/A,N/A,539.5,221.04,5.16,974.53
run_006,3_class,Regression,roberta-base,4,4,1e-05,0.8356,0.7864,N/A,N/A,N/A,N/A,0.1412,0.2152,2216.72,71.73,18.86,266.42
run_008,3_class,Classification,roberta-base,4,16,2e-05,0.8219,0.7703,N/A,N/A,N/A,N/A,N/A,N/A,718.13,221.41,5.09,987.42
run_009,binary,Classification,roberta-base,3,8,2e-05,0.9734,0.9734,0.995,N/A,N/A,N/A,N/A,N/A,726.43,131.62,7.73,516.67
run_009,5_class,Classification,roberta-base,3,8,2e-05,0.6792,0.6772,N/A,0.9785,0.933,0.4256,N/A,N/A,905.56,131.69,9.8,513.01
run_010,binary,Classification,roberta-base,4,8,2e-05,0.9752,0.9751,0.9967,N/A,N/A,N/A,N/A,N/A,931.2,136.9,7.47,534.71
run_010,5_class,Classification,roberta-base,4,8,2e-05,0.6746,0.6754,N/A,0.9801,0.9388,0.4318,N/A,N/A,1193.6,133.21,9.88,508.73
run_009,3_class,Classification,roberta-base,3,8,2e-05,0.8378,0.7988,N/A,N/A,N/A,N/A,N/A,N/A,910.46,130.98,9.89,508.22
run_010,3_class,Classification,roberta-base,4,8,2e-05,0.8354,0.7975,N/A,N/A,N/A,N/A,N/A,N/A,1192.71,133.31,9.58,524.33
run_011,5_class,Classification,roberta-base,3,4,2e-05,0.6848,0.6841,N/A,0.9795,0.935,0.435,N/A,N/A,1655.24,72.04,19.36,259.59
run_011,binary,Classification,roberta-base,3,4,2e-05,0.9762,0.9761,0.9971,N/A,N/A,N/A,N/A,N/A,1357.75,70.42,15.41,259.13
run_012,5_class,Classification,roberta-base,4,4,2e-05,0.6794,0.6802,N/A,0.9813,0.9417,0.4389,N/A,N/A,2279.15,69.76,19.13,262.72
run_012,binary,Classification,roberta-base,4,4,2e-05,0.977,0.9769,0.9972,N/A,N/A,N/A,N/A,N/A,1824.62,69.87,15.4,259.22
run_007,5_class,Regression,roberta-base,3,16,2e-05,0.6338,0.6329,N/A,0.9719,0.9234,0.4212,0.3872,0.4521,539.03,221.23,5.06,993.54
run_011,3_class,Classification,roberta-base,3,4,2e-05,0.8396,0.8025,N/A,N/A,N/A,N/A,N/A,N/A,1651.47,72.21,18.96,265.06
run_007,binary,Regression,roberta-base,3,16,2e-05,0.9674,0.9673,N/A,N/A,N/A,N/A,0.0303,0.0545,446.4,214.19,4.21,949.34
run_008,5_class,Regression,roberta-base,4,16,2e-05,0.6414,0.6384,N/A,0.9713,0.9201,0.4112,0.4037,0.4555,719.66,220.94,5.09,986.92
run_008,binary,Regression,roberta-base,4,16,2e-05,0.9654,0.9653,N/A,N/A,N/A,N/A,0.0327,0.0591,592.55,215.15,4.15,962.86
run_007,3_class,Regression,roberta-base,3,16,2e-05,0.8163,0.7675,N/A,N/A,N/A,N/A,0.1681,0.2397,556.01,214.47,5.32,943.89
run_012,3_class,Classification,roberta-base,4,4,2e-05,0.8416,0.803,N/A,N/A,N/A,N/A,N/A,N/A,2243.19,70.88,18.86,266.43
run_008,3_class,Regression,roberta-base,4,16,2e-05,0.8185,0.7761,N/A,N/A,N/A,N/A,0.1735,0.2329,717.99,221.45,5.08,989.54
run_009,5_class,Regression,roberta-base,3,8,2e-05,0.6647,0.6621,N/A,0.9777,0.9335,0.419,0.342,0.4269,888.69,134.19,10.02,501.57
run_009,binary,Regression,roberta-base,3,8,2e-05,0.9752,0.9751,N/A,N/A,N/A,N/A,0.024,0.0497,748.89,127.67,7.99,499.89
run_010,5_class,Regression,roberta-base,4,8,2e-05,0.6543,0.6518,N/A,0.9781,0.9367,0.4231,0.3503,0.4276,1166.31,136.33,9.51,528.18
run_010,binary,Regression,roberta-base,4,8,2e-05,0.9762,0.9761,N/A,N/A,N/A,N/A,0.0226,0.0471,998.15,127.72,8.12,491.8
run_009,3_class,Regression,roberta-base,3,8,2e-05,0.8364,0.7981,N/A,N/A,N/A,N/A,0.1413,0.2177,891.55,133.75,10.18,493.82
run_010,3_class,Regression,roberta-base,4,8,2e-05,0.8354,0.7964,N/A,N/A,N/A,N/A,0.1514,0.2387,1177.2,135.07,10.04,500.35
run_011,5_class,Regression,roberta-base,3,4,2e-05,0.6699,0.6676,N/A,0.9807,0.9415,0.4225,0.3372,0.4178,1691.9,70.48,19.41,258.85
run_011,binary,Regression,roberta-base,3,4,2e-05,0.9772,0.9771,N/A,N/A,N/A,N/A,0.0216,0.046,1384.82,69.04,15.54,256.87
run_012,5_class,Regression,roberta-base,4,4,2e-05,0.6627,0.6629,N/A,0.9807,0.9428,0.4501,0.3359,0.4278,2251.42,70.62,19.65,255.67
run_012,binary,Regression,roberta-base,4,4,2e-05,0.9767,0.9766,N/A,N/A,N/A,N/A,0.0222,0.0475,1812.35,70.34,15.37,259.72
run_001,5_class,Classification,bert-base-uncased,3,16,1e-05,0.63,0.6288,N/A,0.963,0.8999,0.4169,N/A,N/A,501.39,237.84,5.1,984.5
run_001,binary,Classification,bert-base-uncased,3,16,1e-05,0.9529,0.9528,0.9911,N/A,N/A,N/A,N/A,N/A,414.62,230.6,3.96,1009.33
run_011,3_class,Regression,roberta-base,3,4,2e-05,0.8388,0.7962,N/A,N/A,N/A,N/A,0.1415,0.2101,1680.72,70.95,19.61,256.28
run_002,5_class,Classification,bert-base-uncased,4,16,1e-05,0.6275,0.6255,N/A,0.9628,0.9001,0.4087,N/A,N/A,682.15,233.09,5.11,982.91
run_002,binary,Classification,bert-base-uncased,4,16,1e-05,0.9504,0.9503,0.9905,N/A,N/A,N/A,N/A,N/A,577.7,220.68,4.2,949.64
run_001,3_class,Classification,bert-base-uncased,3,16,1e-05,0.8072,0.7631,N/A,N/A,N/A,N/A,N/A,N/A,510.55,233.57,5.08,989.55
run_012,3_class,Regression,roberta-base,4,4,2e-05,0.8384,0.8011,N/A,N/A,N/A,N/A,0.1493,0.2134,2246.55,70.78,19.25,261.09
run_002,3_class,Classification,bert-base-uncased,4,16,1e-05,0.8074,0.763,N/A,N/A,N/A,N/A,N/A,N/A,694.05,229.09,5.07,990.85
run_003,5_class,Classification,bert-base-uncased,3,8,1e-05,0.6515,0.6505,N/A,0.9753,0.9292,0.4352,N/A,N/A,859.91,138.68,10.06,499.48
run_003,binary,Classification,bert-base-uncased,3,8,1e-05,0.9672,0.9671,0.994,N/A,N/A,N/A,N/A,N/A,722.78,132.29,7.89,506.13
run_004,5_class,Classification,bert-base-uncased,4,8,1e-05,0.6523,0.6516,N/A,0.9743,0.9262,0.4282,N/A,N/A,1151.53,138.08,9.81,512.37
run_004,binary,Classification,bert-base-uncased,4,8,1e-05,0.9684,0.9683,0.9935,N/A,N/A,N/A,N/A,N/A,928.55,137.29,7.57,527.24
run_003,3_class,Classification,bert-base-uncased,3,8,1e-05,0.8225,0.7769,N/A,N/A,N/A,N/A,N/A,N/A,835.64,142.71,9.42,533.21
run_004,3_class,Classification,bert-base-uncased,4,8,1e-05,0.8241,0.7793,N/A,N/A,N/A,N/A,N/A,N/A,1201.92,132.29,10.18,493.82
run_005,5_class,Classification,bert-base-uncased,3,4,1e-05,0.6617,0.6606,N/A,0.9763,0.93,0.4382,N/A,N/A,1613.47,73.91,18.99,264.65
run_005,binary,Classification,bert-base-uncased,3,4,1e-05,0.9699,0.9698,0.9952,N/A,N/A,N/A,N/A,N/A,1328.38,71.98,15.51,257.35
run_006,5_class,Classification,bert-base-uncased,4,4,1e-05,0.6611,0.6591,N/A,0.9761,0.9295,0.4334,N/A,N/A,2215.86,71.75,19.71,254.89
run_001,5_class,Regression,bert-base-uncased,3,16,1e-05,0.6165,0.6179,N/A,0.9678,0.9159,0.4302,0.4273,0.4828,517.16,230.58,5.05,995.54
run_006,binary,Classification,bert-base-uncased,4,4,1e-05,0.9692,0.9691,0.9947,N/A,N/A,N/A,N/A,N/A,1745.42,73.04,15.25,261.79
run_001,binary,Regression,bert-base-uncased,3,16,1e-05,0.9512,0.951,N/A,N/A,N/A,N/A,0.0374,0.0691,409.57,233.44,3.87,1031.56
run_005,3_class,Classification,bert-base-uncased,3,4,1e-05,0.8269,0.7839,N/A,N/A,N/A,N/A,N/A,N/A,1662.93,71.71,19.6,256.32
run_002,5_class,Regression,bert-base-uncased,4,16,1e-05,0.6121,0.6135,N/A,0.9668,0.9143,0.4228,0.4299,0.4853,689.54,230.59,5.06,993.75
run_001,3_class,Regression,bert-base-uncased,3,16,1e-05,0.7964,0.7421,N/A,N/A,N/A,N/A,0.1891,0.2589,511.37,233.19,5.2,966.61
run_002,binary,Regression,bert-base-uncased,4,16,1e-05,0.9529,0.9528,N/A,N/A,N/A,N/A,0.0386,0.0571,557.27,228.76,3.99,999.38
run_006,3_class,Classification,bert-base-uncased,4,4,1e-05,0.8273,0.7839,N/A,N/A,N/A,N/A,N/A,N/A,2144.97,74.13,18.51,271.51
run_002,3_class,Regression,bert-base-uncased,4,16,1e-05,0.7988,0.7456,N/A,N/A,N/A,N/A,0.1863,0.2589,715.02,222.37,5.3,948.74
run_003,binary,Regression,bert-base-uncased,3,8,1e-05,0.9692,0.9691,N/A,N/A,N/A,N/A,0.0268,0.055,701.29,136.34,7.89,506.03
run_003,5_class,Regression,bert-base-uncased,3,8,1e-05,0.6346,0.6357,N/A,0.9759,0.9341,0.4336,0.3825,0.4572,887.23,134.41,10.46,480.27
run_004,5_class,Regression,bert-base-uncased,4,8,1e-05,0.6378,0.6385,N/A,0.9757,0.933,0.4297,0.3833,0.4544,1216.34,130.72,10.27,489.28
run_004,binary,Regression,bert-base-uncased,4,8,1e-05,0.9662,0.9661,N/A,N/A,N/A,N/A,0.0281,0.057,928.83,137.25,7.81,510.87
run_003,3_class,Regression,bert-base-uncased,3,8,1e-05,0.8169,0.7673,N/A,N/A,N/A,N/A,0.1627,0.2422,881.25,135.32,10.24,490.65
run_004,3_class,Regression,bert-base-uncased,4,8,1e-05,0.8183,0.7713,N/A,N/A,N/A,N/A,0.16,0.2471,1153.4,137.85,9.89,508.19
run_005,5_class,Regression,bert-base-uncased,3,4,1e-05,0.6428,0.6433,N/A,0.9775,0.937,0.4301,0.3709,0.4483,1677.13,71.1,20.28,247.74
run_005,binary,Regression,bert-base-uncased,3,4,1e-05,0.9677,0.9676,N/A,N/A,N/A,N/A,0.0253,0.0491,1291.74,74.02,14.87,268.48
run_006,5_class,Regression,bert-base-uncased,4,4,1e-05,0.6482,0.6485,N/A,0.9787,0.9395,0.427,0.3651,0.4417,2152.28,73.88,18.57,270.6
run_006,binary,Regression,bert-base-uncased,4,4,1e-05,0.9672,0.9671,N/A,N/A,N/A,N/A,0.0258,0.0536,1778.31,71.69,15.24,261.86
run_007,5_class,Classification,bert-base-uncased,3,16,2e-05,0.6293,0.6284,N/A,0.966,0.9082,0.4192,N/A,N/A,519.95,229.35,5.14,977.2
run_007,binary,Classification,bert-base-uncased,3,16,2e-05,0.9579,0.9578,0.9915,N/A,N/A,N/A,N/A,N/A,414.94,230.43,4.05,984.69
run_008,5_class,Classification,bert-base-uncased,4,16,2e-05,0.6271,0.6226,N/A,0.962,0.8981,0.4136,N/A,N/A,669.35,237.54,4.86,1034.32
run_005,3_class,Regression,bert-base-uncased,3,4,1e-05,0.8173,0.7667,N/A,N/A,N/A,N/A,0.1597,0.2341,1626.21,73.33,19.12,262.78
run_007,3_class,Classification,bert-base-uncased,3,16,2e-05,0.8103,0.7703,N/A,N/A,N/A,N/A,N/A,N/A,516.09,231.06,5.06,993.08
run_008,binary,Classification,bert-base-uncased,4,16,2e-05,0.9552,0.9551,0.9916,N/A,N/A,N/A,N/A,N/A,564.5,225.84,4.24,941.39
run_008,3_class,Classification,bert-base-uncased,4,16,2e-05,0.8107,0.7675,N/A,N/A,N/A,N/A,N/A,N/A,654.76,242.84,4.87,1032.48
run_006,3_class,Regression,bert-base-uncased,4,4,1e-05,0.8225,0.7757,N/A,N/A,N/A,N/A,0.157,0.234,2167.52,73.36,19.29,260.45
run_009,binary,Classification,bert-base-uncased,3,8,2e-05,0.9667,0.9666,0.9946,N/A,N/A,N/A,N/A,N/A,687.17,139.14,7.51,531.59
run_009,5_class,Classification,bert-base-uncased,3,8,2e-05,0.6541,0.6546,N/A,0.9771,0.9338,0.4407,N/A,N/A,888.48,134.22,9.97,504.0
run_010,binary,Classification,bert-base-uncased,4,8,2e-05,0.9682,0.9681,0.9939,N/A,N/A,N/A,N/A,N/A,922.96,138.12,7.64,522.27
run_010,5_class,Classification,bert-base-uncased,4,8,2e-05,0.6579,0.6562,N/A,0.9737,0.9232,0.4316,N/A,N/A,1184.18,134.27,9.87,509.15
run_009,3_class,Classification,bert-base-uncased,3,8,2e-05,0.8259,0.7853,N/A,N/A,N/A,N/A,N/A,N/A,867.7,137.43,10.12,496.78
run_010,3_class,Classification,bert-base-uncased,4,8,2e-05,0.8243,0.7799,N/A,N/A,N/A,N/A,N/A,N/A,1132.58,140.39,9.52,528.04
run_011,5_class,Classification,bert-base-uncased,3,4,2e-05,0.6631,0.6615,N/A,0.9765,0.9303,0.4389,N/A,N/A,1631.18,73.11,19.44,258.52
run_011,binary,Classification,bert-base-uncased,3,4,2e-05,0.9704,0.9704,0.9956,N/A,N/A,N/A,N/A,N/A,1306.75,73.17,15.13,263.84
run_012,5_class,Classification,bert-base-uncased,4,4,2e-05,0.6675,0.6636,N/A,0.9749,0.9246,0.4189,N/A,N/A,2192.22,72.53,19.22,261.42
run_012,binary,Classification,bert-base-uncased,4,4,2e-05,0.9707,0.9706,0.9954,N/A,N/A,N/A,N/A,N/A,1816.41,70.19,15.97,250.01
run_007,5_class,Regression,bert-base-uncased,3,16,2e-05,0.6233,0.6253,N/A,0.968,0.9149,0.4258,0.4141,0.4728,516.33,230.96,5.28,951.01
run_011,3_class,Classification,bert-base-uncased,3,4,2e-05,0.83,0.7903,N/A,N/A,N/A,N/A,N/A,N/A,1610.16,74.06,18.82,266.99
run_007,binary,Regression,bert-base-uncased,3,16,2e-05,0.9562,0.9561,N/A,N/A,N/A,N/A,0.0374,0.0526,437.41,218.59,4.16,959.76
run_008,5_class,Regression,bert-base-uncased,4,16,2e-05,0.6167,0.6166,N/A,0.9644,0.9071,0.4195,0.4329,0.4758,686.54,231.6,5.09,987.89
run_008,binary,Regression,bert-base-uncased,4,16,2e-05,0.9549,0.9548,N/A,N/A,N/A,N/A,0.0394,0.0527,558.21,228.38,4.09,976.46
run_007,3_class,Regression,bert-base-uncased,3,16,2e-05,0.7954,0.7436,N/A,N/A,N/A,N/A,0.1866,0.2538,506.41,235.48,4.97,1012.05
run_012,3_class,Classification,bert-base-uncased,4,4,2e-05,0.8316,0.7875,N/A,N/A,N/A,N/A,N/A,N/A,2179.25,72.96,19.43,258.61
run_008,3_class,Regression,bert-base-uncased,4,16,2e-05,0.7978,0.748,N/A,N/A,N/A,N/A,0.193,0.2647,698.57,227.61,5.32,945.4
run_009,5_class,Regression,bert-base-uncased,3,8,2e-05,0.6458,0.6461,N/A,0.9765,0.9337,0.441,0.3729,0.4437,900.08,132.49,10.36,485.22
run_009,binary,Regression,bert-base-uncased,3,8,2e-05,0.9682,0.9681,N/A,N/A,N/A,N/A,0.026,0.0585,704.39,135.74,8.13,490.85
run_010,5_class,Regression,bert-base-uncased,4,8,2e-05,0.6484,0.6476,N/A,0.9751,0.9293,0.4341,0.3823,0.4449,1159.82,137.09,9.57,525.18
run_010,binary,Regression,bert-base-uncased,4,8,2e-05,0.9674,0.9673,N/A,N/A,N/A,N/A,0.0269,0.0678,952.86,133.79,7.71,517.95
run_009,3_class,Regression,bert-base-uncased,3,8,2e-05,0.8185,0.7771,N/A,N/A,N/A,N/A,0.1599,0.2344,860.02,138.66,9.9,507.81
run_010,3_class,Regression,bert-base-uncased,4,8,2e-05,0.8187,0.7779,N/A,N/A,N/A,N/A,0.1619,0.2429,1195.33,133.02,10.46,480.31
run_011,5_class,Regression,bert-base-uncased,3,4,2e-05,0.6583,0.6579,N/A,0.9785,0.9371,0.4298,0.359,0.4306,1617.53,73.72,18.95,265.21
run_011,binary,Regression,bert-base-uncased,3,4,2e-05,0.9702,0.9701,N/A,N/A,N/A,N/A,0.0243,0.0481,1321.06,72.38,15.55,256.68
run_012,5_class,Regression,bert-base-uncased,4,4,2e-05,0.6523,0.6504,N/A,0.9767,0.933,0.4167,0.3719,0.4339,2191.71,72.55,19.18,262.06
run_012,binary,Regression,bert-base-uncased,4,4,2e-05,0.9687,0.9686,N/A,N/A,N/A,N/A,0.0263,0.0372,1783.78,71.47,15.75,253.51
run_011,3_class,Regression,bert-base-uncased,3,4,2e-05,0.8285,0.7863,N/A,N/A,N/A,N/A,0.1552,0.227,1604.02,74.34,18.69,268.85
run_012,3_class,Regression,bert-base-uncased,4,4,2e-05,0.8249,0.7791,N/A,N/A,N/A,N/A,0.1615,0.2381,2158.42,73.67,18.89,266.04
